DATE,CO.R,CO.T,NMHC.R,NMHC.T,NOx.R,NOx.T,NO2.R,NO2.T,C6H6.R,O3.T,T,RH,AH
38056,1.966666667,1316.5,86.5,912.25,132,1167.25,108.8333333,1545.333333,8.460789617,1096.041667,12.02083337,54.88333368,0.765626462
38057,2.179444444,1244.0625,104.5,851.8020833,140.0680556,1277.1875,99.71666667,1522.697917,7.989057875,885.03125,9.833333318,64.06979144,0.775767783
38058,2.734722222,1281.5625,156.0625,1008.229167,170.1222222,1101.71875,108.8930556,1627.21875,12.1295093,1084.21875,11.29270837,51.10729162,0.663102432
38059,2.645833333,1330.555556,139.25,992.8229167,181.2930556,993.1597222,117.0069444,1595.621528,10.92288656,1245.78125,12.86631947,51.53090292,0.732294045
38060,2.442361111,1360.927083,116.9583333,943.8541667,144.9527778,1001.104167,111.1319444,1602.1875,9.631441774,1234.177083,16.01666662,48.84375006,0.849674028
38061,3.420694444,1452.010417,236.625,1138.84375,210.3777778,845.5625,116.9805556,1888.489583,16.08994642,1439.041667,17.37083332,50.32083342,0.944025369
38062,2.692638889,1339.621528,191.125,1061.763889,176.6666667,939.1493056,117.4791667,1726.534722,13.50146482,1322.475694,18.62777777,44.82500007,0.871021209
38063,2.982777778,1362.708333,207.4583333,1098.9375,194.5833333,930.4270833,113.4902778,1741,15.23870021,1405.677083,18.77291673,41.16562509,0.804919829
38064,2.629166667,1352.569444,307.2706349,1072.517361,172.2847222,901.1111111,125.4444444,1702.649306,13.79016773,1300.805556,17.76076395,44.08472221,0.826001186
38065,2.881944444,1304.208333,443.6666667,1057.916667,174.8083333,913.1770833,118.1916667,1745.34375,13.53010083,1095.708333,14.19479162,57.90416666,0.923965208
38066,2.072777778,1288.46875,407.9618056,911.8854167,129.2805556,968.3229167,109.0277778,1608.96875,8.769988891,1018.958333,15.85937502,52.1718752,0.929002109
38067,1.964722222,1252.552083,362.3333333,870.5173611,115.7583333,975.5416667,92.59305556,1601.666667,7.595973291,954.2534722,17.20486107,52.44340299,1.006323176
38068,2.079305556,1129.166667,364.606746,911.5520833,120.9194444,1062.145833,82.35972222,1595.21875,9.418329046,857.78125,17.36354167,44.8354166,0.857923157
38069,1.947083333,1122.059028,167.5416667,896.5104167,122.7194444,1073.524306,93.37222222,1556.767361,8.971691678,892.6354167,12.12256951,60.46979148,0.84250329
38070,2.059861111,1148.9375,186.8333333,888.71875,125.7347222,1040.666667,96.89305556,1541.572917,8.616582985,909.7708333,11.66875,59.09791629,0.796698408
38071,1.904166667,1084.791667,199.5833333,859.59375,112.2847222,1124.145833,91.13472222,1494.520833,8.104400533,800.2395833,11.63020832,58.79791677,0.78207683
38072,1.879166667,1084.465278,174.4583333,892.375,118.9569444,1032.111111,96.68611111,1457.618056,8.431100109,888.34375,11.66770835,51.29513875,0.676491714
38073,1.809444444,1095.010417,145.4583333,872.9895833,109.6305556,1045.90625,88.6625,1425.78125,7.758428133,900.6458333,12.58541664,46.54687486,0.641552812
38074,1.5625,1059.572917,106.3333333,783.3229167,86.84583333,1121.614583,94.16944444,1347.979167,5.568372216,783.6770833,13.46354171,45.72604167,0.663888046
38075,1.466666667,991.8611111,134.5833333,762.1180556,91.86111111,1194.045139,71.38333333,1275.34375,5.562205954,630.8159722,13.39201392,37.65486115,0.560279672
38076,2.151111111,1186.875,258.7916667,912.7708333,132.2916667,1019.75,87.79305556,1446.864583,9.509991129,1003.770833,15.51145833,34.4552084,0.594292992
38077,1.925,1180.961806,193.875,863.1354167,118.5013889,1015.319444,101.1263889,1513.416667,7.875414333,904.0034722,13.57916671,55.03576361,0.841789443
38078,2.55,1247.474785,310.125,1019.653246,157.8458333,875.9780368,95.34305556,1632.380374,12.18638406,1144.230186,16.32305718,48.85810457,0.854747381
38079,2.731805556,1288.791667,367.0833333,1059.197917,150.0763889,843.9895833,95.94583333,1708.59375,13.21288446,1197.1875,17.94479162,49.10416649,0.934888911
38080,2.420595238,1307.135417,316.3571429,989.59375,165.3869048,862.40625,116.5222222,1659.128472,10.89084703,1140.270833,19.12951387,45.6961806,0.960703126
38081,3.067361111,1202.645833,410.8611111,856.5729167,222.9722222,939.6041667,96.29861111,1562.208333,7.202948219,824.6875,18.89166672,50.16041656,1.041486991
38082,2.887738095,1283.46875,387.440873,970.3645833,188.7400794,877.0833333,112.8784722,1703.322917,10.84152904,1069.84375,16.86250006,53.94687498,1.016768307
38083,2.233333333,1200.409722,308.0416667,969.7222222,133.3569444,889.5659722,117.7464286,1663.708333,10.93645653,941.0659722,16.92222225,48.20763882,0.909054167
38084,1.6375,1051.572917,160.625,823.0104167,97.87777778,1090.052083,95.35833333,1470.125,6.979332857,685.3020833,14.31875002,54.71041652,0.867177544
38085,2.52125,1155.798611,306.875,1009.660185,150.8069444,906.5020833,83.09027778,1594.356944,11.9204227,1083.793519,14.51416671,49.13694419,0.735743859
38086,2.454166667,1100.059077,224.2916667,859.2497272,180.9375,943.350124,98.80416667,1475.079439,7.105082798,1034.505258,13.16031249,57.02702636,0.847622374
38087,1.754166667,1051.291667,143.5833333,869.6145833,116.0402778,973.8229167,115.3986111,1467.75,7.446699315,872.4375,15.08541665,49.17083333,0.78150249
38088,1.192361111,939.8958333,73.91666667,707.8958333,64.04583333,1202.659722,90.74027778,1265.506944,4.053112509,631.6354167,14.77430556,43.76250022,0.667345091
38089,0.8625,929.9270833,48.625,599.5416667,62.54305556,1376.03125,82.97638889,1217.729167,2.352380177,462.4895833,12.19687499,52.97187511,0.739850164
38090,2.054166667,1110.875,240.3333333,912.5833333,140.6916667,988.6979167,61.58333333,1542.104167,9.40547266,941.8541667,13.06249996,53.05000003,0.782190591
38091,2.169335317,1143.722222,250.7355159,959.3229167,144.0133929,898.2291667,76.66805556,1581.965278,10.32454203,1104.208333,15.49236109,47.35243069,0.78771853
38092,4.065992063,1325.875,552.7234127,1085.010417,272.6547619,814.0104167,93.66666667,1732.291667,14.57425333,1351.677083,14.82916668,51.21562497,0.83578795
38093,3.304166667,1329.951389,347.625,1068.857639,199.5319444,763.1909722,107.1989087,1792.958333,13.3392557,1221.489583,14.09826386,69.34062526,1.099155626
38094,2.039126984,1064.5625,128.0345238,828.5,112.284127,960.71875,115.5986111,1553.104167,6.478388224,838.0729167,15.54375006,64.27812509,1.098752426
38095,2,1071.010417,126.3333333,800.4166667,108.6666667,994.2708333,110.7162698,1558.979167,6.026151434,768.84375,15.58750002,64.1427085,1.121848329
38096,2,1055.475694,126.3333333,872.3611111,108.6666667,943.7361111,84.66666667,1586.715278,7.849995663,869.4340278,13.6024306,67.43055564,1.030983449
38097,0.887152778,1150.802083,62.21180556,1034.520833,70.78472222,893.8020833,84.66666667,1738.708333,13.03904437,1088.697917,16.26562496,56.91250016,0.980516795
38098,0.666666667,1174.107639,49.33333333,1078.197917,63.33333333,865.15625,82.70486111,1724.951389,14.38721574,1154.71875,19.09062506,44.99444461,0.900509616
38099,0.666666667,1158.75,49.33333333,1072.1875,63.33333333,878.3854167,61.66666667,1682.885417,14.1011198,1139.25,21.05416664,39.29687504,0.883591832
38100,3.011785714,1302.395833,431.802381,1163.041667,182.6142857,797.7708333,61.66666667,1801.53125,16.93208071,1387.947917,21.22916664,39.14375009,0.911059985
38101,2.057916667,1240.579861,229.2916667,976.1111111,114.7166667,840.6701389,61.66666667,1667.458333,10.45628732,1119.118056,20.08159728,48.51840254,1.079428864
38102,1.225555556,916.2604167,99.25,695.0208333,66.88611111,1274.21875,124.0123016,1267.270833,4.131969345,514.0833333,15.61770836,41.1937501,0.700518434
38103,1.459444444,957.90625,122.625,778.4791667,84.70277778,1143.177083,89.29166667,1367.4375,5.800886629,650.6354167,16.80312501,38.55104178,0.724722909
38104,2.178055556,1123.8125,235.6666667,985.3090278,124.0763889,944.6041667,63.10694444,1581.309028,11.31585338,953.28125,20.61215281,35.55208314,0.814211974
38105,2.751527778,1292.979167,367.7916667,1110.854167,153.4444444,792.8020833,75.79444444,1783.84375,15.18211735,1291.21875,21.08958334,42.77604159,1.010462007
38106,3.053472222,1322.486111,350.4583333,1141.055556,178.0027778,757.7708333,90.95416667,1873.045139,16.20611695,1364.822917,18.91388893,51.19513904,1.068545856
38107,2.902916667,1330.010417,261.4166667,1103.4375,171.5652778,731.96875,110.25,1916.875,14.1730979,1305.927083,17.98958333,66.56562523,1.345232688
38108,2.021666667,1097.4375,220.375,913.46875,103.4916667,918,105.1069444,1640.302083,8.654054266,904.4375,20.13437505,52.17812492,1.167313941
38109,1.587083333,1055.559028,218,858.9131944,94.93055556,955.3229167,101.925,1575.354167,7.263869264,871.8993056,19.58819454,49.55694434,1.074062855
38110,2.122361111,1164.854167,218,995.3958333,132.6583333,860.90625,84.75416667,1725.270833,11.54722952,1029.59375,21.23749995,48.74270846,1.12852494
38111,2.256388889,1143.572917,218,971.5729167,128.9805556,859.8958333,78.46805556,1795.770833,10.89686436,929.7916667,18.01874993,66.27500014,1.336803126
38112,2.094396552,1078.96875,218,942.7986111,124.6902778,916.3923611,88.57222222,1737.583333,10.18466113,870.96875,16.23402773,66.88749998,1.217420128
38113,1.951111111,1000.333333,218,897.21875,118.3555556,990.8854167,88.18333333,1607.375,8.771196983,795.2604167,14.31458333,62.78229145,1.004621025
38114,2.152638889,999.3298611,218,936.8194444,126.6069444,924.5243056,84.2,1600.881944,9.536889501,814.3125,15.45520842,55.58888876,0.938598428
38115,1.116190476,1002.177083,218,839.3958333,55.79642857,1021.385417,83.44166667,1505.28125,7.135515261,767.0520833,14.28020836,59.31250008,0.935044351
38116,3.092361111,1020.78125,218,837.1770833,186.0138889,950.2708333,91.42638889,1519.447917,6.703115927,813.6041667,15.26041657,56.91770824,0.967171764
38117,2.981190476,1110.319444,218,1041.430556,179.7123016,857.8993056,81.78571429,1747.385417,13.14250046,1010.159722,17.94166672,50.46458309,0.99805192
38118,2.719722222,1205.916667,218,1111.447917,170.7430556,811.3125,59.37152778,1804.25,15.49815364,1202.03125,18.97083328,48.04999997,0.980042803
38119,2.573333333,1213.763889,218,1062.454861,167.5652778,778.4756944,113.3944444,1799.333333,13.60141078,1182.135417,17.21527775,56.31944438,1.092093354
38120,2.338055556,1125.885417,218,974.8958333,149.2833333,878.875,91.55694444,1682.197917,10.96705844,980.4479167,17.67083326,51.33124995,1.025876117
38121,2.401867816,1121.760417,218,1069.052083,153.3736111,813.8229167,104.1097222,1669.322917,13.02602443,1157.3125,21.81979166,37.30729163,0.897880844
38122,1.748472222,1043.458333,218,930.0034722,114.0166667,938.5798611,96.96944444,1497.645833,9.053567377,975.4513889,21.03923606,34.38993053,0.806988776
38123,1.373055556,1034.375,218,841.0729167,79.12638889,1010.020833,110.2986111,1442.645833,6.947084912,773.5208333,22.35937495,34.83125005,0.887987271
38124,1.646944444,986.4166667,218,886.7291667,113.6916667,1047.395833,112.0763889,1394.65625,8.239190172,798.53125,21.34583342,26.02083321,0.635340951
38125,2.225138889,1157.871528,218,1018.611111,130.9986111,887.1631944,91.97083333,1647.513889,12.47542253,1074.913194,23.74097229,30.98472227,0.857503448
38126,2.300833333,1196.84375,218,1041.760417,131.9972222,827.8020833,79.19722222,1703.135417,12.95932064,1076.375,22.98958332,37.68958332,0.991410259
38127,2.359027778,1237.270833,218,1055.642361,138.2805556,806.1944444,89.49166667,1724.309028,13.28090674,1087.055556,23.64236111,37.434375,1.003039491
38128,2.204722222,1210.791667,218,1039.302083,140.7458333,816.8229167,98.79166667,1679.458333,12.67309172,1107.854167,23.47187508,34.728125,0.929201728
38129,1.970138889,1235.395833,218,1006.520833,113.7236111,792.6666667,109.9972222,1706.541667,11.13040166,1080.083333,22.04270838,42.35208337,1.083119335
38130,1.302083333,1058.673611,218,811.9375,75.33888889,1006.15625,109.8625,1531.729167,6.443107203,765.7881944,22.35659726,41.75972241,1.068589144
38131,1.074431818,879.4375,218,781.7291667,89.07777778,1211.947917,106.9083333,1246.354167,5.937806285,616.96875,19.94687499,25.6614582,0.558605067
38132,1.758716931,1050.090079,218,1028.584226,133.8787698,983.6640873,99.26527778,1441.299504,12.95952417,998.6744048,24.12388898,19.28746037,0.489652521
38133,2.315416667,1154.994048,218,1303.282564,149.0263889,1035.500893,73.07916667,1504.720585,21.32935198,1265.086037,26.15012914,23.62476703,0.742983446
38134,1.498958333,1087.604167,218,1040.6875,121.8784722,1022.604167,69.65416667,1615.71875,12.80706483,1027.6875,22.86354162,32.07499983,0.837297687
38135,1.701825397,1037,218,984.7708333,129.656746,984.1458333,91.7984127,1622.145833,10.69589378,918.8854167,21.33229167,41.12812505,0.990448382
38136,0.810606061,880.8784722,218,776.6319444,80.18611111,1242.711806,130.8948413,1407.34375,5.485744784,615.5763889,20.26875008,39.06319459,0.904423403
38137,0.646666667,875.8020833,218,788.4895833,67.77777778,1212.1875,110.972619,1383.927083,5.789510648,656.7604167,23.71562495,31.28229173,0.844204541
38138,1.393020833,1006.958333,218,976.9583333,112.1152778,974.34375,115.2177579,1663.208333,11.01764015,868.1666667,22.79687496,42.8687501,1.111294893
38139,1.815989583,1135.489583,218,1021.784722,147.1708333,896.71875,89.80178571,1881.427083,12.37575494,1066.75,20.33229162,66.14513891,1.533350583
38140,1.253373016,977.3333333,218,856.5729167,69.33055556,1008.916667,76.80138889,1697.9375,7.253570809,823.0833333,23.89166669,52.67499973,1.477986099
38141,2.370138889,991.5729167,218,986.6215278,160.1210317,958.3784722,73.29861111,1729.170139,10.96981284,992.59375,23.30069434,45.93993062,1.218180791
38142,2.959285714,967.5625,218,938.6666667,88.8125,1001.541667,88.17916667,1643.03125,9.491596807,833.1770833,23.39479162,39.42916671,1.090086209
38143,1.45,962.4895833,218,891.1041667,86.76150794,975,69.16944444,1660.3125,8.006616694,852.3333333,23.87291668,45.05833336,1.274765584
38144,1,849.8402778,218,751.7673611,64.50555556,1138.920139,53.51805556,1516.340278,4.920018901,629.1423611,21.89756954,48.71250023,1.19931055
38145,2.170138889,973.7708333,218,1031.666667,155.9430556,919.84375,97.08849206,1756.125,12.47582038,957.1458333,25.5531249,37.70104178,1.123607918
38146,2.458333333,1069.385417,218,1086.40625,167.375,870.4375,68.01190476,1861.260417,14.45791299,1095.583333,27.31979158,38.34479175,1.255927977
38147,2.466666667,1122.0625,218,1114.03125,159.4972222,803.34375,71.99861111,1872.395833,14.90715019,1179.177083,29.43750014,35.84791675,1.313869723
38148,2.596944444,1121.333333,218,1114.447917,170.3347222,794.3125,64.78055556,1880.322917,14.82182602,1127.833333,29.02500002,36.66875001,1.32895169
38149,2.222638889,1035.152778,218,1056.100694,159.9375,850.9826389,99.48888889,1732.28125,13.03607214,1048.881944,28.42013885,29.57812509,1.033293333
38150,1.316666667,1023.21875,218,901.4270833,85.84305556,894.15625,112.0916667,1616.510417,8.302706034,868.03125,27.32499995,33.5625,1.161619986
38151,0.729166667,846.375,218,641.5625,49.58055556,1263.135417,123.4805556,1395.083333,2.976935375,498.1145833,22.29479172,42.84166662,1.143494215
38152,1.18375,878.7291667,218,736.03125,78.10972222,1185.177083,122.6333333,1494.048611,4.957292798,600.1493056,22.18090278,43.88472217,1.153882878
38153,2.154166667,999.5416667,218,1010.9375,134.5916667,900.3020833,113.5454545,1744.166667,11.99048154,935.78125,26.58645821,36.06458336,1.168647528
38154,2.158333333,1059.357639,218,1015.347222,123.1277778,822.4444444,78.6375,1787.229167,11.74171316,932.8541667,25.94409713,41.97708328,1.313261218
38155,2.203194444,1048.75,218,1022.71875,138.0472222,823.9166667,60.36666667,1794.833333,11.91100337,1007.614583,25.28854167,42.62395835,1.312111905
38156,2.045833333,1042.75,218,1035.479167,128.4972222,825.21875,64.6625,1800.03125,12.47652941,961.59375,28.23333327,38.00937502,1.352107534
38157,1.258333333,1012.887467,218,901.7315807,69.40555556,882.0400132,91.69166667,1664.442097,8.297899467,787.6425926,30.00890876,35.00558531,1.369140522
38158,1.439027778,875.8608218,218,737.1634838,63.77916667,1106.108796,99.10694444,1517.491609,5.157190035,609.0558449,24.98533001,43.83116366,1.246725318
38159,1.808333333,921.4212302,218,925.7861111,109.6958333,939.5722222,101.8111111,1607.295833,9.427988344,774.7803571,24.29541672,37.22918677,1.024357326
38160,2.2,1023.642361,218,1031.166667,164.8180556,842.71875,102.5666667,1765.663194,12.66337203,1001.465278,25.50833325,37.97465281,1.16236159
38161,2.389166667,1080.03125,218,1060.96875,172.5180556,786.4895833,100.7486111,1815.09375,13.32010541,1116.21875,27.21875006,36.50937488,1.22784388
38162,1.7375,1042,218,913.9479167,90.16388889,846.1215278,68.93333333,1721.916667,8.934649733,843.9965278,27.80069451,41.32569441,1.434782163
38163,2.083333333,1013.041667,218,986.3645833,139.0430556,833.9270833,79.2625,1679.84375,10.71311382,933.84375,27.8791667,33.69999992,1.160025445
38164,1.46,981.0104167,218,877.0416667,92.82777778,913.3645833,93.90277778,1567.697917,7.768927679,869.7291667,28.09479163,32.23749992,1.150575142
38165,1.333333333,984.1979167,218,858.6493056,75.33055556,921.2569444,104.8736111,1593.631944,7.330741643,846.9583333,31.23298599,33.67604156,1.350897783
38166,2.1,1098.15625,218,1040.604167,132.1236111,786.46875,103.0194444,1797.833333,12.67061312,1042.197917,31.09375008,33.19270849,1.386707169
38167,2.349166667,1164.010417,218,1081.958333,142.1888889,731.1458333,88.2,1919.208333,13.96755207,1169.958333,31.12916656,37.05937487,1.599981772
38168,2.375,1155.944444,218,1080.201389,157.6916667,719.5416667,101.6708333,1898.368056,13.60697348,1257.548611,31.6069442,38.64548624,1.679611307
38169,2.1625,1130.416667,218,1038.40625,136.2861111,740.8125,84.1125,1854.052083,12.22425694,1059.510417,30.44270831,39.68749998,1.6241117
38170,2.036666667,1097.71875,218,1021.930556,143.0986111,767.8611111,81.075,1757.909722,11.76447326,1031.274306,30.19444441,33.77569438,1.364346842
38171,1.316666667,989.7708333,218,899.6145833,96.14166667,866.34375,110.5583333,1563.864583,8.221747571,857.1041667,28.71250006,31.89270826,1.129377352
38172,1.016666667,956.6979167,218,810.3854167,62.53888889,932.8229167,116.0125,1527.208333,6.143370669,752.2604167,29.0666666,35.59062492,1.252353793
38173,2.011944444,1057.319444,218,1011.611111,150.4222222,802.5381944,128.9291667,1690.690972,11.81100039,1047.784722,29.55868045,31.00868064,1.160164003
38174,2.5,1120.416667,218,1106.302083,187.6861111,743.625,111.8930556,1777.6875,14.64817152,1308.125,30.52916684,31.14791657,1.20250085
38175,2.454166667,1167.513889,218,1128.461806,198.2097222,722.8020833,119.1805556,1770.135417,15.343545,1402,32.38090279,25.41250008,1.109009443
38176,2.187777778,1207.635417,218,1109.583333,175.8111111,697.4270833,89.35,1778.104167,14.52660838,1383.989583,32.47395825,28.20208338,1.285520928
38177,1.7875,1055.010417,218,990.375,135.1916667,801.3958333,67.3625,1642.302083,10.80240943,901.3645833,28.99687495,31.21562501,1.18248666
38178,0.979166667,918.0104167,218,822.0694444,70.58611111,942.6736111,114.175,1487.357639,6.399008648,636.4756944,26.61805553,35.73472223,1.144310127
38179,0.85,894.1041667,218,768.3229167,63.19027778,998.6145833,125.5902778,1447.854167,5.409335058,627.7604167,25.76249993,36.09999996,1.113672501
38180,1.754027778,960.7916667,218,907.2083333,142.6152778,870.46875,129.1166667,1582.072917,8.812114595,867.9270833,22.75104165,40.79166679,1.095364861
38181,2.3625,971.8784722,218,1022.079861,187.4736111,823.8159722,128.3875,1627.857639,12.25741196,1061.934028,24.89027771,34.71909715,0.962508256
38182,2.308333333,1003.65625,218,1081.697917,185.4083333,787.1354167,124.2861111,1648.260417,13.74900549,1122.802083,27.60000002,28.46874995,0.935956322
38183,2.130138889,1033.204861,218,1040.447917,149.4694444,775.4479167,93.70694444,1664.972222,12.54148116,1013.885417,27.85763887,32.60069442,1.132660686
38184,2.208333333,1033.90625,218,1034.03125,159.025,788.3541667,59.30277778,1643.104167,12.39988252,1039,28.6270834,30.99166668,1.103166716
38185,1.575,1010.885417,218,916.7916667,91.64861111,827.1979167,84.45833333,1505.708333,8.617153928,962.5,29.82187498,29.22395834,1.080299818
38186,0.783888889,990.6111111,218,805.2395833,62.78888889,913.4652778,98.04722222,1416.555556,6.043211638,775.8645833,30.54652766,26.90138894,1.042864495
38187,1.737480159,1128.427083,218,1027.135417,141.0416667,749.9895833,112.2763889,1660.489583,12.14143841,1180.302083,31.1364583,28.80312522,1.185516042
38188,2.875,1189.09375,218,1089.6875,148.5208333,689.4166667,114.3013889,1745.479167,13.979165,1280.177083,32.22083342,29.23333325,1.262889489
38189,3.856706349,1181.048611,218,1058.1875,124.8569444,705.7638889,121.3666667,1731.722222,12.95626807,1197.305556,32.36284722,30.81215281,1.338956298
38190,2.329356061,1216.145833,218,1120.145833,157.7402778,659.34375,123.575,1830.479167,14.88516113,1354.989583,32.99791652,33.08750002,1.454989517
38191,1.945833333,1134.586806,218,1074.361111,129.4,688.4895833,89.88472222,1780.267361,13.22893888,1220.194444,32.55694447,31.85347212,1.397947386
38192,1.3,1046.78125,218,857.96875,73.40138889,802.75,73.97638889,1640.5,7.268342668,868.2604167,30.1135418,39.88125012,1.629751132
38193,0.891388889,932.15625,218,677.1979167,47.47361111,1040.15625,124.8152778,1514.53125,3.633739217,581.1979167,26.76041659,49.76041667,1.689880892
38194,0.970595238,982.8715278,218,876.5347222,91.80555556,868.8472222,116.2361111,1606.690972,7.862648897,806.3506944,30.10104163,35.60937488,1.441565053
38195,0.933333333,921.625,218,850.3645833,91.6,882.1041667,113.4013889,1509.635417,7.089727255,758.3958333,28.01666655,32.47187497,1.179648603
38196,0.930555556,955.9479167,218,993.5520833,115.3069444,813.1875,121.5444444,1550.84375,11.10847827,908.6979167,28.37916654,26.45729166,0.935440453
38197,0.933333333,1019.006944,218,999.6319444,116.6180556,769.21875,105.6277778,1596.006944,11.28726822,935.0451389,29.45659715,28.30138885,1.082943286
38198,0.933333333,1086.395833,218,1034.458333,114.2611111,704.6875,68.24722222,1744.520833,12.11517946,1008.90625,30.02187498,37.04375003,1.448243381
38199,1.642619048,1040.190278,218,935.9736111,94.66527778,768.9479167,56.2,1658.354514,9.214175238,867.9496528,30.89684042,38.41961795,1.567401557
38200,0.983333333,974.0625,218,792.4479167,51.20277778,879.8958333,92.64583333,1558.864583,5.819122187,670.3645833,30.65312491,42.1208335,1.673522904
38201,1.295416667,1055.0625,218,930.7916667,83.69444444,768.75,88.83888889,1709.385417,9.236921152,763.7604167,30.53854175,43.63333317,1.764530518
38202,0.105357143,1099.1875,218,958.4791667,129.5888889,733.5972222,104.3555556,1768.253472,10.14686801,898.90625,30.70694439,41.35138894,1.74456855
38203,0.385763889,1036.385417,218,901.8958333,88.13253968,768.0520833,103.4291667,1697.916667,8.513987888,871.9895833,30.58125005,42.06354143,1.719519465
38204,0.866666667,1046.006944,218,869.2118056,95.84404762,772.53125,110.6611111,1683.871528,7.613645528,899.8125,26.29791672,56.64791669,1.800633806
38205,1.848809524,1079.041667,218,980.7604167,124.1444444,698.2395833,100.0444444,1803.854167,10.45566979,1104.135417,26.48333329,58.03229195,1.889976268
38206,1.241666667,927.7083333,218,829.375,62.29166667,838.1145833,60.45694444,1607.90625,6.620751912,772.90625,29.10208327,46.35729172,1.715529289
38207,1.075,935.0173611,218,752.2083333,47.79444444,904.7847222,85.9,1576.253472,4.959579288,665.3506944,28.04618069,50.14513885,1.823855057
38208,1.464027778,1024.815582,218,892.7260851,62.0875,767.5367188,114.3847222,1693.221224,8.139054922,916.3528212,28.76852,48.8733636,1.825126925
38209,1.475,1064.125,218,920.0833333,79.12083333,747.9583333,90.27083333,1706.104167,8.901985317,943.2916667,31.54791663,43.88124975,1.854700516
38210,1.3,1057.850694,218,855.2604167,65.85694444,778.3541667,103.1864087,1700.208333,7.123258337,868.9097222,31.4996528,46.00381931,1.997819149
38211,1.290833333,1001.0625,218,834.3958333,64.16666667,824.3958333,85.45833333,1684.21875,6.703647948,762.1354167,30.73333337,47.58958312,1.978932616
38212,1.025,924.9027778,218,760.375,56.15694444,935.9548611,79.15138889,1558.413194,5.146065262,598.59375,29.80729161,44.46805574,1.740235118
38213,0.8625,905.9479167,218,722.8541667,45.86388889,954.21875,62.28194444,1502.9375,4.353162061,609.5833333,29.95416667,41.79270834,1.643403447
38214,0.747777778,847.2395833,218,693.1770833,33.11944444,1033.239583,54.53611111,1406.333333,3.813407966,609.3541667,29.8145833,37.76979164,1.41445268
38215,1.1,891.2569444,218,797.5729167,69.28611111,939.2326389,55.53472222,1410.270833,5.989411418,706.9583333,30.07083328,30.23368044,1.16998095
38216,1.696547619,986.1041667,218,828.4791667,121.359127,845.5416667,65.92083333,1484.354167,6.72827991,811.7708333,30.39166657,33.84687499,1.347093221
38217,1.538055556,998.4791667,218,847.375,89.26329365,811.2395833,54.1875,1550.916667,6.890324331,801.28125,29.84479149,37.4104167,1.524734364
38218,1.175,998.7013889,218,798.0763889,43.12896825,842.6631944,58.04861111,1611.173611,5.90599056,727.5451389,32.2291666,41.39618071,1.880475605
38219,1.7,982.46875,218,786.8541667,64,856.2395833,69.52638889,1609.635417,5.757394853,687.0833333,30.6249999,45.25312513,1.914801462
38220,1.784791667,851.4965278,218,712.5520833,79.80902778,1014.961806,50.20416667,1383.006944,4.176712841,543.8333333,26.79756945,37.68159721,1.293849372
38221,1.92,854.6041667,218,757.0729167,106,958.8125,45.62083333,1380.4375,5.009991522,689.78125,27.54583343,38.43541664,1.215429119
38222,1.571999341,893.3229167,218,812.1979167,76.25642292,888.0520833,65.96527778,1412.614583,6.301501531,726.375,28.00625006,34.8270834,1.198714724
38223,1.379166667,967.8125,218,852.9305556,89.14861111,816.8715278,97.69543651,1468.5,7.213756387,808.2083333,27.98229158,35.98680556,1.274276829
38224,1.516666667,1014.583333,218,872.3125,88.06388889,768.6354167,73.88928571,1595.645833,7.714094765,812.7916667,28.61979161,42.14583331,1.591783907
38225,1.333472222,826.2453373,218,628.2195437,76.87777778,1084.796329,45.22996032,1284.32004,2.710302218,567.1035714,23.53325374,46.57386933,1.33283051
38226,1.629166667,821.0069444,218,662.75,106.0680556,975.2222222,67.28968254,1334.1875,3.207360358,730.7256944,20.51111116,56.98124965,1.353568012
38227,1.036626984,930.1505952,218,802.1708333,51.17142857,854.2373016,69.35069444,1439.482341,6.043096851,735.3842262,26.89432555,41.58835312,1.352633684
38228,1.133333333,987.2708333,218,826.5173611,42.66666667,790.9548611,76.66666667,1530.947917,6.583603081,755.96875,27.52187505,45.0003471,1.517194672
38229,2.450347222,1066.989583,218,973.65625,169.3472222,709.6458333,71.5718254,1671.677083,10.72466528,905.7916667,27.07812508,46.15416656,1.575100253
38230,2.382222222,1070.15625,218,980.6875,187.6746032,692.25,81.03194444,1684.84375,10.78314005,928.84375,27.29374997,46.17291683,1.582738227
38231,2.2375,1060.482639,218,1050.083333,252.5319444,678.4236111,75.82777778,1683.416667,12.92106387,1021.350694,27.05833326,42.09027763,1.383478986
38232,3.040515873,1084.097222,218,1072.569444,313.1095238,668.8229167,67.22361111,1675.111111,13.48847316,1137.135417,28.91111118,38.07916653,1.391023131
38233,4.110853175,1129.604167,218,1069.277778,409.6666667,658.7777778,76.40138889,1689.802083,13.54262705,1213.364583,29.9815971,37.22604163,1.442317446
38234,1.720833333,1076.09375,218,938.2083333,372.7465278,716.3541667,77.15,1511.604167,9.160637167,956.34375,30.36562512,34.64375009,1.366592911
38235,1.304166667,928,218,761.8333333,189.6666667,976.0833333,55.86230159,1288.708333,5.716906046,645.6770833,29.2166666,27.22812498,1.057426976
38236,1.391944444,978.4166667,218,794.4791667,189.6666667,875.2083333,69.64583333,1390.888889,6.062694033,731.0104167,26.64270835,36.39791676,1.226509333
38237,1.966904762,1026.434722,218,949.2743056,195.2869048,764.4006944,91,1477.152083,9.796399218,936.4472222,27.47013884,33.40569445,1.152236482
38238,3.199325397,1251.805181,218,1362.930071,423.0465278,837.6187782,90.61170635,1441.02411,23.38678288,1472.991534,26.07891762,29.5373365,0.964391227
38239,2.2375,1113.28125,218,1066.458333,325.7916667,951.3854167,105.8722222,1460.104167,13.54140046,1211.395833,28.51354176,26.559375,0.964672322
38240,1.95,1080.322917,218,1009.354167,282.8333333,910.6875,85.16904762,1446.90625,11.57803304,1020.142361,27.9177084,30.60729175,1.077273653
38241,1.630912698,1107.677083,218,927.96875,191.1738095,880.3125,86.33333333,1427.520833,9.096306679,942.1458333,27.21354163,35.54166665,1.205273549
38242,2.713194444,1158.822917,218,884.1631944,389.7430556,837.1701389,78.21180556,1570.086806,8.185005408,1017.739583,24.65347222,55.25034718,1.690566484
38243,3.033829365,1206.729167,218,1126.697917,443.7603175,731.1041667,66.66666667,1775.75,15.51801147,1259.989583,26.26041663,49.9885418,1.584834732
38244,1.086031746,1148.40625,218,1016.1875,152.6125,775.7395833,66.66666667,1716.09375,12.23214292,1094,25.20104174,55.95312484,1.713544031
38245,4.098293651,1205.298611,218,1088.315972,418.6539683,708.2256944,79.88809524,1846.5625,14.4015812,1213.517361,22.84548604,67.76041664,1.846685446
38246,2.108333333,1071.927083,218,1015.479167,294.3170996,781.8020833,167.2715278,1656.75,11.68998494,1084.791667,21.42916662,61.10624981,1.525608858
38247,1.533333333,945.0659722,218,882.8333333,230.7887931,980.3472222,133.0347222,1439.767361,8.19767777,830.2743056,21.79930564,48.52291677,1.240728114
38248,1.342361111,933.5729167,218,813.875,176.7638889,995.0104167,121.5166667,1331.729167,6.283968555,732.3333333,24.01979162,38.86041657,1.119016227
38249,1.966666667,1044.802083,218,941.40625,211.4041667,824.6145833,111.6230159,1492.854167,9.547904816,961.8333333,24.82708341,43.92187508,1.279341846
38250,2.7225,1129.822917,218,1095.21875,302.7583333,747.3784722,129.3541667,1660.402778,14.9678093,1151.788194,25.56909711,43.26770825,1.319622035
38251,2.983333333,1181.760417,218,1124.59375,328.1291667,712.1458333,143.6722222,1725.90625,15.99306571,1162.947917,24.71770825,47.61145834,1.423057617
38252,2.758333333,1166.614583,218,1113.385417,301.6125,699.3125,68.24206349,1727.927083,15.18104759,1163.489583,24.61041661,51.27187512,1.494761171
38253,2.422777778,1159.236111,218,1074.923611,249.8402778,713.0451389,124.3299603,1703.34375,13.74995206,1102.302083,25.49930545,50.7895834,1.596146368
38254,2.3875,1136.427083,218,1021.375,297.5944444,787.0625,92.88472222,1652.53125,12.83777562,1052.520833,21.1343751,58.60833327,1.43957049
38255,1.241666667,852.9479167,218,751.0694444,105.8569444,1127.621528,84.61059175,1183.732639,5.260516317,640.1631944,17.85000003,40.98055555,0.8099309
38256,1.531111111,910.6145833,218,821.09375,196.525,968.4791667,84.83888889,1243.208333,6.474679547,778.53125,18.42812505,42.44479167,0.854698139
38257,2.15,997.5,218,982.7395833,301.1555556,813.5833333,89.86388889,1392.510417,10.73505911,1012.875,19.01666665,42.4489582,0.882239227
38258,2.833333333,1086.53125,218,1114.642361,376.1125,765.1770833,112.3305556,1511.548611,15.65479509,1335.052083,19.89201383,42.38749986,0.916805866
38259,2.689305556,1122.677083,218,1092.239583,332.5388889,749.7291667,123.4597222,1539.5625,14.88902702,1225.489583,20.99479166,44.05208321,1.033835934
38260,2.3425,1267.8125,218,1129.3125,255.2232143,672.59375,128.4458333,1657.833333,16.07582501,1298.114583,21.28645837,53.09166674,1.328755736
38261,3.208650794,1320.785417,218,1158.703819,374.1890873,600.7895833,117.0013889,1774.816667,16.34115497,1373.238889,22.18885422,59.83840278,1.563957538
38262,4.866666667,1210.854167,218,983.3229167,484,672.9479167,115.3277778,1598.40625,10.44100741,1099.760417,22.81145833,57.38750005,1.560343235
38263,4.866666667,1128.131944,218,893.4340278,484,750.2048611,73.77083333,1525.368056,8.277897869,981.9340278,23.00104174,56.39791669,1.541436726
38264,4.535069444,1198.5625,218,1122.770833,433.5729167,669.5208333,57.78055556,1729.145833,15.90888245,1229.708333,22.17291661,56.58854143,1.452028664
38265,3.733333333,1267.260417,218,1189.479167,310.6666667,643.3229167,80.33333333,1763.197917,18.21898638,1378.052083,23.16458323,53.54895834,1.449501386
38266,3.733333333,1295.375,218,1151.152778,310.6666667,616.8194444,105.4194444,1736.354167,16.57211983,1335.03125,22.77326385,55.64479168,1.491735011
38267,3.910992063,1307.635417,218,1141.020833,333.2888889,615.4166667,129.2291667,1744.135417,16.19569585,1292.21875,23.12291672,54.55833348,1.495464049
38268,2.595833333,1287.177083,218,1144.010417,309.4833333,611.15625,131.4079365,1725.541667,15.85120324,1310.083333,23.28541664,54.93958334,1.515403658
38269,2.525,1340.121528,218,1101.28125,282.0972222,591.3715278,109.7771825,1723.927083,14.02603488,1260.152778,24.88437497,54.79444427,1.675783309
38270,1.600277778,1112.052083,218,858.21875,195.1277778,762.8645833,122.2261905,1547.71875,7.226415409,884.84375,22.0802083,66.91666694,1.746997812
38271,2.454166667,1153.413194,218,1053.597222,295.0027778,705.6388889,158,1673.201389,13.31345994,1089.086806,19.92777779,67.12569449,1.540310142
38272,2.076686508,941.1041667,218,863.1875,329.6593254,859.4791667,158,1380.270833,7.57297772,826.7395833,17.74999986,57.20208327,1.151491923
38273,1.341666667,875.5208333,218,748.78125,283.3611111,1015.427083,142.28125,1231.614583,5.242250916,707.9375,15.38020831,54.92083335,0.95048105
38274,1.3,1004.982639,218,875.0833333,282.6666667,872.4548611,95,1400.027778,8.336701587,915.0555556,17.79131955,55.77152803,1.116872166
38275,1.3,1112.322917,218,1039.229167,282.6666667,730.2708333,95,1595.770833,12.83089543,1056.90625,18.32708336,64.6020834,1.306270216
38276,1.3,982.3229167,218,851.4166667,282.6666667,858.875,98.07619048,1352.399306,7.097240473,791.4583333,17.41909724,62.10659717,1.179055657
38277,5.49375,931.1354167,218,810.78125,703.1319444,926.7708333,81.84861111,1314.927083,6.413400435,692.59375,17.96250003,55.39375011,1.099527117
38278,5.8,1158.625,218,1129.885417,733,697.78125,76.79722222,1634.583333,16.21472549,1204.760417,17.346875,60.38124994,1.177532445
38279,5.8,1273.052083,218,1216.375,733,587.6041667,73.82083333,1744.114583,18.21847234,1383.388889,18.21423624,67.01631946,1.384350726
38280,5.774642857,1472.260417,218,1355.104167,699.709127,495.4479167,68.22638889,1959.208333,23.16349934,1624.1875,21.7166666,66.2187498,1.69280223
38281,3.1175,1337.635417,218,1212.770833,358.6972222,558.5208333,78.55912698,1830.677083,17.83030457,1368.552083,23.81875004,60.47291625,1.743485445
38282,3.036527778,1300.53125,218,1189.375,323.7305556,581.0902778,83.375,1799.631944,17.56770528,1431.694444,22.52916665,61.66041675,1.645662447
38283,2.511527778,1235.6875,218,1079.427083,324.1277778,620.1145833,74,1667.09375,13.41978976,1252.71875,21.68020831,62.49895843,1.578293884
38284,1.995,1139.770833,218,972.0138889,223.8402778,680.6666667,74,1545.40625,10.19125602,1161.645833,21.35486113,62.78784755,1.550983781
38285,3.559027778,1307.5,218,1249.270833,470.9694444,563.5208333,74,1826.927083,20.04849462,1482.15625,18.66145832,69.74895855,1.479437866
38286,3.577361111,1291.885417,218,1243.28125,456.2680556,582.2916667,109.8958333,1804.791667,19.93015944,1426.447917,19.53125006,66.22187471,1.467338592
38287,2.338194444,1141.788194,218,1052.958333,311.925,666.1805556,176,1638.881944,12.86737942,1131.84375,18.43124994,72.33854204,1.51250327
38288,2.612638889,1148.5,218,1080.635417,373.8875,674.90625,176,1609.916667,14.18257945,1175.729167,18.37604167,67.79062514,1.408005937
38289,2.492083333,1153.260417,218,1019.78125,322.4152778,710.6666667,176,1613.447917,12.24609672,1041.104167,19.44791665,73.89583313,1.650272448
38290,2.824583333,1200.482639,218,1091.576389,386.9666667,635.1701389,139.1956349,1659.805556,13.77771672,1187.84375,19.56145822,71.15937512,1.589934602
38291,2.11875,1109.708333,218,938.6666667,252.4916667,764.375,91.08194444,1600.958333,9.984320898,993.5,20.85416669,68.81979187,1.673514599
38292,2.746527778,1243.364583,218,1094.447917,324.3430556,604.3020833,90.20555556,1706.079861,13.5232863,1495.628472,21.23437503,70.09270836,1.742249801
38293,4.189861111,1308.78125,218,1297.135417,485.6166667,596.8020833,89.20555556,1893.395833,22.54626542,1429.90625,20.67083333,64.49583328,1.534659129
38294,2.492916667,1155.5625,218,1081.4375,302.3611111,654.03125,71.48611111,1618.427083,13.68885231,1169.59375,21.53541658,58.01666645,1.442159346
38295,3.607123016,1281.177083,218,1209.965278,427.6055556,605.0104167,93.63472222,1747.576389,18.90418949,1332.211806,20.58506941,62.00381945,1.46440104
38296,3.091666667,1262.53125,218,1178.822917,394.6541667,618.90625,107.2180556,1681.927083,17.91889239,1313.729167,19.34166679,62.23333335,1.368258194
38297,2.329166667,1189.333333,218,1034.302083,323.1763889,653.78125,93.7125,1500.583333,12.16583584,1144.333333,18.28229169,63.48229174,1.313189
38298,1.320277778,876.40625,218,747.7777778,150.7027778,1016.819444,89.95833333,1113.899306,5.192254013,672.9444444,15.8802083,45.86006945,0.819488682
38299,2.446428571,906.78125,218,848.1145833,315.9291667,988.7604167,98.23611111,1155.75,8.446764104,804.8645833,11.11666669,50.61666663,0.662326797
38300,3.196130952,1000.784722,218,950.0173611,336.875,837.1388889,110.6097222,1233.086806,10.37979258,1016.878472,8.033333329,64.78402805,0.686715106
38301,1.779166667,961.3333333,218,843.1354167,308.9650794,948.1770833,71.72222222,1210.84375,7.768284458,836.09375,8.748958364,71.8145831,0.806572017
38302,2.916666667,1134.375,218,1061.15625,530.9902778,680.3229167,74.30694444,1415.885417,13.10966671,1140.010417,10.72187495,75.7052083,0.97649517
38303,1.919166667,1009.430556,218,858.09375,273.6472222,840.78125,93.59027778,1310.71875,7.82503118,882.1736111,15.27881944,61.90729151,1.06519666
38304,1.945833333,1053.322917,218,869.2604167,278.5819444,800.125,85.69444444,1303.510417,7.891148641,924.0520833,17.33125002,53.84270851,1.04894502
38305,0.6125,724.6979167,218,524.4895833,92.91111111,1678.6875,88.00277778,875.5729167,1.4312437,379.9583333,10.35208334,44.30729165,0.551480812
38306,1.637222222,842.0104167,218,775.9131944,256.2652778,1102.888889,99.18333333,1010.746528,6.260232343,715.8576389,11.96180563,35.07222215,0.488684473
38307,2.325,996.6875,218,926.125,411.5013889,910.46875,92.97916667,1147.552083,9.947217319,1023.802083,13.3072917,36.1989583,0.532282161
38308,3.377222222,1191.659722,218,1073.888889,566.4347222,730.9756944,82.50833333,1320.805556,14.75457241,1389.291667,10.93923603,51.69340301,0.663410106
38309,3.375,1226.520833,218,1098.291667,541.8930556,645.3958333,70.30416667,1419.229167,14.36086747,1363.75,12.75208334,60.87499996,0.892789729
38310,3.920833333,1165.802083,218,1014.291667,409.2361111,727.2916667,155.3277778,1421.9375,12.58564634,1165.927083,15.85833333,53.78125006,0.974717923
38311,1.931527778,904.2847222,218,909.2222222,357.0888889,946.7604167,50.08214286,953.7430556,8.984387736,1015.767361,10.78958334,26.43229163,0.323457392
38312,0.990972222,993.78125,218,857.4791667,306.1486111,883.8645833,134.4666667,991.9895833,7.264181874,1147.677083,7.638541708,42.91354156,0.426881893
38313,2.547727273,1265.770833,218,1239.746528,685.0777778,644.4826389,143.6902778,1332.861111,20.61429451,1719.704861,6.451041674,54.32500018,0.530052429
38314,4.896944444,1513.208333,218,1353.104167,824.3138889,511.8125,116.6402778,1731.0625,23.84073607,1795.291667,10.73125006,75.31354165,0.971657594
38315,3.483333333,1294.75,218,1158.84375,590.7305556,591.9270833,105.7680556,1518.21875,16.3014782,1458.666667,11.2416667,75.3218749,0.996439047
38316,2.933333333,1177.097222,218,1100.368056,530.7388889,645.75,53.2125,1321.861111,13.83240847,1309.472222,10.01909723,63.45590266,0.745297656
38317,4.517777778,1439.458333,218,1267.78125,739.9986111,568.8229167,111.7541667,1628.854167,20.47939902,1697.96875,12.49479169,66.78749979,0.964020462
38318,3.745833333,1426,218,1157.15625,589.3041667,629.34375,143.4930556,1562.885417,15.64775581,1519,13.76875008,75.31354133,1.180017047
38319,2.177916667,1090.246528,218,839.5,296.4902778,834.3125,173.7555556,1237.378472,7.187324647,1025.184028,10.64027779,72.66458346,0.928699374
38320,2.679166667,1198.916667,218,1000.28125,399.8263889,813.2291667,181.5597222,1401.385417,11.62538632,1233.708333,13.77083334,67.2614584,1.033366825
38321,2.616666667,1127.086806,218,962.2534722,320.3638889,981.8958333,148.7583333,1395.59375,10.89383086,1013.770833,12.99409725,71.59409714,1.065851057
38322,3.118611111,1173.239583,218,1050.416667,505.2777778,1490.28125,147.5861111,1448.541667,13.42814329,1196.1875,10.89583326,76.99583324,1.002804609
38323,3.775,1305.427083,218,1182.40625,592.2875,886.4895833,140.9402778,1639.90625,17.86188226,1374.333333,14.47187495,71.2270836,1.163425632
38324,3.5375,1314.180556,218,1147.829861,520.6888889,595.1041667,178.9069444,1643.381944,16.09745377,1348.996528,15.24826383,76.96736124,1.318667592
38325,2.422361111,1133.114583,218,939.03125,419.0263889,705.8020833,164.6180556,1371.427083,9.123215095,1039.802083,12.48958331,81.10416667,1.170954091
38326,1.395833333,941.75,218,707.3333333,196.1736111,958.0833333,132.575,1175.25,4.133186752,773.8958333,12.41249999,71.88125002,1.030776542
38327,2.3875,1107.215278,218,982.34375,346.0638889,748.6111111,132.1652778,1419.795139,11.20193547,1126.256944,15.36284729,63.71423611,1.090151635
38328,2.325277778,1119.052083,218,984.1354167,343.3680556,789.2916667,138.1347222,1369.59375,10.96672504,1159.635417,14.86041673,60.48750007,1.007483343
38329,1.8875,1092.822917,218,849.0277778,271.5583333,840.8784722,153.0638889,1258.701389,7.053466299,1010.583333,14.34861109,64.53819454,1.043487831
38330,1.4,934.1770833,218,732.1041667,204.2638889,1207.052083,100.8888889,1139.979167,4.894793915,749.1145833,14.53229172,55.37708342,0.912620785
38331,1.675277778,875.6770833,218,803.8854167,260.4944444,1452.020833,118.1861111,975.3854167,6.681137901,764.3333333,14.28333337,29.6385417,0.471387667
38332,1.929166667,997.8645833,218,895.4618056,308.4819444,859.5034722,97.41527778,1024.340278,8.289636991,1031.1875,13.43090277,31.1559027,0.458852585
38333,2.841666667,1159.520833,218,1008.5625,411.5777778,713.6458333,118.2402778,1185.083333,11.27728035,1340.65625,9.973958358,51.62708356,0.617059866
38334,3.405138889,1258.364583,218,1149.552083,555.1666667,768.3125,125.2722222,1358.489583,17.01023884,1559.979167,10.10312505,56.78541676,0.692747509
38335,3.683333333,1308.135615,218,1208.69375,600.2236111,641.3990079,123.0736111,1479.222123,18.26716879,1608.547917,11.82871017,60.41209324,0.818935976
38336,3.0875,1510.333333,218,1426.5,560.0291667,568.4166667,117.5402778,1697.75,24.98258244,1905.333333,16.74999952,47.98333359,0.907774717
38337,4.304027778,1374.03125,218,1234.118056,762.9361111,573.6111111,100.8638889,1564.111111,18.05850377,1501.381944,14.23055536,63.71979156,1.01697789
38338,3.416666667,1301.730159,218,1129.337103,582.0708333,597.1864087,74.97222222,1487.330159,14.54213433,1309.196925,13.22260904,70.24357114,1.062667539
38339,1.7625,967.6875,218,864.28125,306.0763889,952.4375,104.2722222,1060.84375,7.729134516,866.9375,12.31354168,44.88437506,0.620749055
38340,2.671388889,1085.90625,218,934.1145833,369.7416667,807.8645833,102.6638889,1117.538194,9.490109179,1085.798611,5.284027769,62.7534722,0.561755039
38341,2.358333333,914.34375,218,753.2395833,222.1111111,995.0416667,91.74722222,1015.020833,5.230589148,755.84375,8.704166681,53.71979173,0.60805139
38342,2.033333333,922.3645833,218,864.1736111,329.8777778,1008.892361,84.85833333,976.40625,8.272461312,878.1770833,6.669097284,38.66493061,0.380227208
38343,2.168194444,974.15625,218,870.0208333,337.4097222,911.5520833,103.2611111,960.6875,7.778356958,988.6770833,6.606250013,40.78333324,0.395327464
38344,4.0625,1223.09375,218,1108.34375,580.1236111,697.0625,119.6486111,1221.177083,15.38898815,1545.458333,5.732291652,49.1031251,0.447398325
38345,5.320833333,1409.284462,218,1191.209896,580.6208333,544.2453125,131.1902778,1381.566927,16.72472161,1970.947743,7.702986114,58.97183144,0.626465024
38346,3.914861111,1439.135417,218,1080.822917,443.5902778,567.3020833,149.4944444,1389.104167,13.10275714,1781.645833,10.26458336,69.8864586,0.874754139
38347,1.429166667,1079.708333,218,723.7083333,222.1333333,919.25,150.4208333,1216.385417,4.77487174,830.2708333,12.04583332,74.79375013,1.044533549
38348,1.566666667,1056.395833,218,783.0694444,222.325,837.7743056,136.3291667,1214.8125,5.791382217,850.7847222,12.55034719,65.45868052,0.94731072
38349,1.175634921,1120.46875,218,922.1979167,162.1702381,735.625,141.1625,1293.4375,9.450559218,1013.208333,11.33437498,64.53854171,0.855134844
38350,1.166666667,931.1145833,218,691.4201389,160.6666667,930.9305556,165.7736111,1059.090278,3.87173355,714.2013889,10.31666662,59.11041665,0.732195794
38351,1.866666667,877.28125,218,697.40625,239.5114583,1005.84375,109.95,933.09375,4.059591832,656.9270833,9.783333321,40.56979156,0.486693892
38352,1.904761905,900.1145833,218,696.1666667,243.2,1016.0625,120.2569444,915.0208333,4.077159554,717.6354167,9.349999999,39.33958326,0.455329611
38353,2.129444444,1114.138889,218,853.6840278,305.4002493,782.3993056,113.85,1032.482639,7.173114038,1226.288194,6.872569472,50.8086805,0.498975018
38354,2.045833333,1121.25377,218,833.4798611,319.2086111,782.7793651,116.6583333,1087.084722,6.841103766,1298.413889,6.820942482,58.96386884,0.578772044
38355,2.519444444,1319.365451,218,1045.244792,390.6533333,606.8237847,135.6638889,1262.958333,11.93389533,1912.882813,8.519097392,57.61849002,0.642171499
38356,2.483333333,1153.198413,218,828.9662698,375.3084722,703.202877,136.1680556,1200.358631,6.416944174,1163.50744,9.342410778,69.96264893,0.823034993
38357,3.016666667,1335.09375,218,1074.40625,470.7644444,572.0465278,183.3388889,1416.029861,13.26389848,1505.109028,11.1835417,66.05097232,0.878627018
38358,1.649305556,1109.135417,218,811.3680556,232.17125,758.6180556,158.6069444,1226.461806,6.223071187,963.3784722,13.44895839,61.06354161,0.932139886
38359,2.666666667,1192.072917,218,964.96875,404.2791667,690.5208333,127.1972222,1305.4375,10.71752695,1197.125,8.455208361,72.04166659,0.793903301
38360,2.804166667,1243.90625,218,988.2604167,437.4255556,653.4895833,105.3375,1304.677083,10.92165118,1336.34375,10.38541664,65.75729187,0.82407961
38361,1.672638889,1122.173611,218,822.3923611,227.8694444,756.4965278,112.2083333,1257.649306,6.812798614,939.3993056,14.42847217,59.00347197,0.961450904
38362,2.046401515,1279.53125,218,1032.229167,374.7854167,607.5729167,100.6666667,1482.78125,12.53982761,1295.71875,13.32083333,68.64062524,1.044581195
38363,2.8125,1299.833333,218,1072.375,420.9969444,592.375,102.7704861,1449.4375,13.77591231,1392.666667,12.78958329,64.09270851,0.941416441
38364,3.198888889,1301.940972,218,1135.673611,548.5563889,556,113.7333333,1489.079861,15.32888005,1455.788194,11.96215273,65.6829861,0.905332351
38365,2.679166667,1218.645833,218,1043.59375,428.2947222,623.7395833,114.0823718,1366.447917,12.50264968,1308.177083,9.990625009,69.5625004,0.847228963
38366,3.15,1234.128472,218,1083.197917,482.9088889,615.6875,127.2858025,1365.180556,13.95722507,1338.965278,8.088541672,71.72951423,0.772904404
38367,2.633611111,1153.770833,218,977.3333333,418.5566667,691.9583333,131.605,1210.375,10.49521351,1260.510417,6.431250013,70.2010419,0.671039742
38368,1.529166667,950.875,218,749.3020833,240.7504167,929.2291667,138.46125,948.15625,4.98831399,850.8958333,7.524999994,47.77812495,0.480417267
38369,2.841666667,1120.930556,218,1008.892361,449.7747222,756.9618056,144.7273611,1163.215278,12.6986138,1326.621528,6.660069471,46.91527761,0.446911776
38370,2.995972222,1271.90625,218,1078.729167,597.5490278,667.2291667,146.9613889,1306.25,14.62808603,1494.46875,5.282291658,66.26875003,0.607963678
38371,0.85890625,966.5347222,218,727.5173611,191.6509722,916.1145833,117.7334722,1072.3125,4.624420366,762.2673611,7.823958274,64.99409729,0.689489843
38372,2.533333333,1090.03125,218,947.28125,395.74875,782.3333333,122.7490278,1136.604167,10.61249361,1152.6875,10.06875003,44.24999994,0.52633409
38373,3.007083333,1379.239583,218,1180.75,582.1906944,560.28125,138.1602778,1405.9375,17.15900343,1756.427083,9.090625018,59.06979191,0.683050676
38374,1.078030303,1283.163194,218,1105.447917,545.8954167,600.7673611,116.6880556,1283.284722,13.91351469,1468.784722,9.937152834,55.85138901,0.652358485
38375,0.609107143,1044.739583,218,795.125,236.1422222,845.9375,127.3630556,998.6875,5.901645867,1027.5625,5.819791675,53.87812507,0.501398082
38376,0.812647591,967.15625,218,761.8333333,202.8073611,909.0729167,122.88375,977.3333333,5.419956404,794.7708333,7.668750003,47.88333329,0.493807472
38377,0.454265873,855.9166667,218,611.2881944,142.7116667,1164.253472,141.2684722,869.2430556,2.785928236,527.1770833,4.509027771,50.96909716,0.432303189
38378,0.453571429,870.9583333,218,636.0729167,157.4241667,1129.895833,140.0206944,872.875,3.237000379,567.6979167,4.213541647,49.47708329,0.411933945
38379,1.289015152,911.7777778,218,703.3125,190.0201389,997.0590278,126.3254167,870.6979167,4.341410372,691.4756944,5.267708326,39.6149304,0.354327224
38380,1.454166667,904.1442956,218,679.5245701,199.8168056,1004.314749,140.5238889,870.5622024,3.781440887,644.7805556,3.696539354,48.98525302,0.394693667
38381,0.995833333,852.0180556,218,573.6753968,120.3679167,1154.062202,154.3384722,801.6511905,2.000611512,464.460119,2.536061506,49.50494054,0.367308126
38382,0.971666667,864.6423611,218,573.6840278,130.4127778,1136.71875,118.085,763.6909722,1.965554449,474.3923611,4.848611129,37.832986,0.325005672
38383,2.587916667,1084.5,218,939.7916667,399.1416667,842.1770833,162.2022222,1001.40625,10.98104104,1184.166667,7.273958323,31.80937483,0.311965116
38384,2.866666667,1250.020833,218,1016.427083,488.8713889,644.6875,160.8406944,1184.1875,11.99367872,1558.927083,6.616666688,51.7343752,0.504190904
38385,3.35,1177.090278,218,1023.982639,446.5745833,663.9444444,105.6894444,1132.138889,12.22165857,1392.8125,7.61319449,43.93090288,0.426332084
38386,2.634027778,1243.822917,218,1026.979167,495.8623611,649.65625,144.1,1212.15625,12.57354139,1528.604167,7.252083323,50.96666658,0.513245376
38387,1.85,1091.041667,218,897.1284722,338.1893056,731.2361111,177.8348611,1081.677083,8.475630983,1163.340278,7.473611071,50.16631947,0.496021305
38388,1.433333333,1000.59375,218,774.9479167,272.9630556,844.8645833,178.3880556,926.71875,5.39805342,923.375,5.57187498,46.60416702,0.410941938
38389,1.185555556,920.9583333,218,661.375,180.3122222,987.7604167,135.6172222,821.65625,3.282802749,735.84375,5.31041666,39.59479177,0.343743498
38390,1.395833333,981.1875,218,727.2743056,212.1098611,899,121.9716667,873.1284722,4.719451543,813.5520833,7.307986096,35.3968752,0.352990034
38391,1.4375,987.1415675,218,734.7838294,235.3344444,912.8556548,94.89958333,880.490873,4.95923697,775.6395833,10.18468266,31.53972232,0.372973161
38392,1.940972222,951.9166667,218,747.25,235.9604167,893.5,105.92625,814.5833333,4.690265966,645.75,13.70000029,20.2000006,0.31524635
38393,2.970833333,1333.273438,218,1042.409722,357.7504167,609.5321181,121.1797222,1198.451389,12.3737548,1677.051215,9.963281329,42.50156345,0.497269434
38394,4.1625,1487.284425,218,1156.788294,588.5045833,495.2956349,136.71875,1350.035615,15.31028209,2092.36627,8.34405754,52.10599313,0.573569033
38395,3.459027778,1480.694444,218,1138.065972,574.6469444,516.1041667,90.90416667,1368.743056,15.21846582,1898.965278,8.306944463,59.14479138,0.648252713
38396,2.333333333,1338.822917,218,952.65625,331.1583333,607.4375,89.455,1322.791667,9.720309548,1285.447917,12.85416666,60.66041666,0.857883042
38397,1.6875,1018.1875,218,875.4895833,221.4194444,776.53125,160.1233333,1020.6875,8.283096389,937.0729167,10.47395835,40.69687496,0.503754809
38398,1.41625,948.9722222,218,760.4583333,222.0368056,936.8125,179.1559722,881.1493056,5.624456403,766.21875,8.954861124,30.2079861,0.336838198
38399,2.204166667,1128.114583,218,926.125,369.8455556,692.7604167,155.6181944,1052.3125,9.140299226,1225.552083,6.470833351,42.62187505,0.409333226
38400,1.766666667,1059.878472,218,802.3680556,258.1638889,794.5833333,189.0556944,1000.795139,6.216570721,930.0173611,7.488888919,44.40416653,0.463074345
38401,1.827638889,1055.458333,218,819.1041667,275.3798611,812.7083333,185.6209722,1012.4375,6.895602925,890.9791667,8.505208308,42.18958328,0.462390371
38402,1.783333333,1083.270833,218,809.3229167,286.0694444,770.0416667,179.2579167,997.6979167,6.250676556,1113.927083,6.74062499,47.69791643,0.4547693
38403,1.1875,1030.951389,218,667.0763889,153.33,890.9479167,139.4088889,986.9375,3.435937714,737.9305556,8.298263917,54.16840272,0.593613794
38404,1.960555556,1106.28125,218,820.125,257.7633333,786.8020833,135.9973611,1179.333333,7.060949088,879.6041667,5.753124977,74.29687508,0.685818198
38405,1.995833333,1083.291667,218,842.6458333,287.9216667,795,143.0726389,1182.697917,7.718840149,885.53125,5.410416655,75.15520811,0.674288455
38406,1.7125,1039.125,218,792.8229167,270.8876389,833.4756944,154.2822222,1112.951389,6.235166105,871.4826389,4.313194436,78.37881941,0.658071867
38407,2.187638889,1141.75,218,891.0833333,370.7359722,724.0833333,159.4936111,1219.947917,8.606501612,1110.572917,5.26145833,78.71770867,0.703904162
38408,2.429166667,1129.423611,218,936.9722222,336.5736742,697.71875,173.7155556,1212.045139,9.552224512,1099.663194,7.919444435,62.69166685,0.646870488
38409,2.341666667,1001.708333,218,768.1666667,228.7509722,844.125,237.9088889,998.96875,5.306016462,834.8645833,6.595833344,56.78854171,0.548050876
38410,1.778194444,971.6145833,218,721.8020833,210.9333333,896.3333333,213.0352778,925.375,4.40574414,763.40625,6.008333373,52.10416655,0.475752085
38411,1.025,834.1840278,218,606.7256944,156.3286111,1149.604167,133.4856944,749.9027778,2.639046906,445.3125,2.887847231,42.66979169,0.327230832
38412,1.020833333,820.09375,218,618.75,177.1080556,1191.75,127.8270833,698.9375,2.934315015,482.5416667,1.430208327,35.09062503,0.240007706
38413,1.824861111,970.84375,218,831.0416667,317.5220833,904.3854167,143.1354167,874.2291667,7.461835113,981.84375,4.289583319,32.0375001,0.251820772
38414,2.166666667,1184.211806,218,884.46875,372.5891667,686.71875,178.0991667,1162.260417,8.150129853,1304.163194,4.58784721,67.44548645,0.577536265
38415,2.920833333,1214.739583,218,994.8645833,435.8061111,650.3125,145.42625,1282.302083,11.40406517,1369.677083,7.189583331,62.18541666,0.620279908
38416,1.774027778,1050.534722,218,820.0625,258.6363889,780.3194444,146.4448611,1053.805556,6.362129598,922.8506944,8.230208319,51.93611105,0.543619576
38417,1.333333333,947.5625,218,676.4270833,168.8190278,992.7916667,172.3783333,894.0520833,3.868053568,600.59375,8.737499997,43.88854162,0.47819692
38418,1.554166667,953.8645833,218,739.3020833,245.2638889,939.5833333,119.6027778,866.6458333,5.132276431,722.2604167,6.927083336,39.20104176,0.382212915
38419,2.425138889,1081.753472,218,947.3090278,407.7338889,740.3993056,151.4581944,1048.510417,10.26780674,1238.541667,7.523611115,39.18263883,0.368816037
38420,2.620833333,1227.15625,218,985.7708333,404.62875,648.4791667,175.8751389,1236.739583,11.318509,1425.635417,9.355208346,49.39375025,0.572794376
38421,2.35,1136.802083,218,947.3645833,387.06,670.96875,165.1425,1166.770833,9.930468624,1291.78125,11.27500001,46.44791699,0.543849465
38422,1.646527778,1175.834722,218,962.3381944,379.1875,665.6951389,193.83875,1200.2875,10.54442922,1228.774306,11.14222219,44.50927081,0.578057005
38423,0.66359375,1116.53125,218,779.1145833,239.1125,722.78125,182.4811111,1147.0625,5.638478726,792.8645833,13.07291667,52.31562497,0.764597034
38424,0.703938492,1133.805556,218,758.2291667,241.3208333,768.8020833,140.5620833,1149.256944,5.398577318,816.6597222,14.36944454,49.91527785,0.807116338
38425,2.336527778,1236.625,218,968.59375,361.525,619.9166667,132.0436111,1343.760417,10.79032328,1245.291667,14.246875,52.96979149,0.822044466
38426,2.491666667,1218.822917,218,966.6354167,364.7166667,649.7395833,103.1745833,1324.84375,11.22019814,1196.21875,15.74895828,47.02083319,0.779917276
38427,2.529166667,1229.78125,218,1000.795139,387.3666667,624.8125,95.23791667,1298.885417,11.8552374,1323.319444,16.84652767,43.33229131,0.726761785
38428,2.427777778,1217.75,218,969.8020833,359.9208333,629.0416667,116.965,1282.145833,10.85672379,1254.25,17.26145839,41.61145836,0.739512134
38429,2.675,1232.329861,218,1007.173611,374.9125,603.21875,162.4005556,1318.684028,11.83794542,1257.263889,15.67326394,45.99687505,0.745766313
38430,1.9125,1186.53125,218,851.8333333,265.5541667,655.8333333,158.3086111,1277.677083,7.264685852,1025.239583,14.77395826,57.5020831,0.938238367
38431,1.593611111,1110.5625,218,770.59375,219.1041667,735.8020833,172.9016667,1203.34375,5.523313604,807.5729167,16.22395832,53.49270838,0.949962113
38432,2.545833333,1226.635417,218,967.8923611,318.4416667,617.4722222,134.3304167,1425.763889,11.02039621,1154.298611,16.61736106,55.53124996,1.005645545
38433,2.433333333,1197.791667,218,957.9895833,290.8708333,638.25,114.8845833,1364.979167,10.63208242,1153.90625,17.10208341,51.50729165,0.946089356
38434,2.888055556,1272.96875,218,1039.78125,379.5916667,581.5104167,155.9622222,1424.895833,13.11511537,1346.604167,18.81250003,44.99270815,0.910523502
38435,2.675,1343.260417,218,1052.111111,417.7583333,555.6180556,172.1202778,1451.930556,13.33172861,1467.645833,17.16562504,49.55694449,0.951560142
38436,2.504166667,1341.65625,218,1051.083333,369.7125,548.96875,150.4934722,1560.416667,12.99372681,1334.552083,17.67083339,62.75000016,1.232364348
38437,1.721111111,1216.458333,218,910.3680556,251.9583333,589.8125,150.9613889,1407.149306,8.394331907,1185.774306,18.95104163,57.90451397,1.226215311
38438,1.3375,1106.145833,218,723.1041667,184.8,725.8854167,161.5416667,1304.927083,4.303896067,884.6458333,15.60937494,72.44270861,1.270145849
38439,1.5,1079.552083,218,745.1145833,202.6583333,747.8645833,127.25,1280.635417,4.895433897,829.4479167,17.93333336,60.75729148,1.186074757
38440,2.283055556,1163.208333,218,943.2743056,302.6458333,631.9375,124.25,1429.885417,10.10106711,1133.177083,15.91180551,62.53611116,1.116464275
38441,1.916666667,1105.760417,218,908.6041667,261.1625,665.71875,148.0916667,1328.583333,8.997458158,1067.260417,17.42083332,54.03229167,0.996758954
38442,1.3875,1007.989583,218,749.3020833,184.9916667,795.4791667,146.4375,1176.46875,5.226496215,763.7708333,17.5541666,50.09270825,0.95192241
38443,1.089166667,903.1423611,218,662.8715278,161.7666667,946.7326389,161.4875,943.0069444,3.416609608,523.8680556,15.91979171,35.95972234,0.636536185
38444,0.854166667,890.8958333,218,616.1979167,142.3708333,991.6979167,156.7791667,864.2604167,2.52752211,481.6145833,15.48958331,32.21354183,0.546161002
38445,1.141666667,981.1527778,218,714.5798611,167.6625,855.9652778,167.3791667,985.1111111,4.318307339,716.9722222,18.38125005,33.68645833,0.617579361
38446,2.003777778,1090.4,218,862.1333333,263.2533333,745.05,149.7733333,1194.916667,8.435232854,995.1333333,16.96666671,42.79166657,0.724780199
